Workbook

Sheet vendors_audit
A1: id | B1: name | C1: color | D1: Keep?
A2: V_UNIDENTIFIED | B2: Unidentified | C2: #64748b | D2: Keep
A3: V_HUAWEI | B3: HUAWEI | C3: #64748b | D3: Keep
A4: V_INFINERA | B4: INFINERA | C4: #64748b | D4: Keep
A5: V_CIENA | B5: CIENA | C5: #64748b | D5: Keep
A6: V_CISCO | B6: CISCO | C6: #64748b | D6: Keep
A7: V_ADVA | B7: ADVA | C7: #64748b | D7: Keep
A8: V_ABB | B8: ABB | C8: #64748b | D8: Keep
A9: V_JUNIPER | B9: JUNIPER | C9: #64748b | D9: Keep
A10: V_CANOGA | B10: CANOGA | C10: #64748b | D10: Keep
A11: V_EATON | B11: EATON | C11: #64748b | D11: Keep
A12: V_FUJITSU | B12: FUJITSU | C12: #64748b | D12: Keep
... A15: V_LUCENT | B15: LUCENT | C15: #64748b | D15: Keep
B16: Generic | C16: #64748b | D16: Add

Sheet equipment_audit
A1: id | B1: name | C1: manufacturer | D1: heightU | E1: depth | F1: powerWatts | G1: color | H1: category | I1: Action
A2: EQ_GENERIC_OPTICAL_SPLITTER__OSPOSX_ | B2: Optical Splitter (OSPOSX) | C2: GENERIC | D2: 1 | E2: 8 | F2: 0 | G2: #3b82f6 | H2: NETWORK | J2: =VLOOKUP(C:C,vendors_audit!B:B,1,0) -> Generic
A3: EQ_GENERIC_OPTICAL_GATEWAY__GWYOSX_ | B3: Optical Gateway (GWYOSX) | C3: GENERIC | D3: 1 | E3: 8 | F3: 0 | G3: #3b82f6 | H3: NETWORK | J3: =VLOOKUP(C:C,vendors_audit!B:B,1,0) -> Generic
A4: EQ_GENERIC_FIBER_ADAPTER_PANEL | B4: Fiber Adapter Panel | C4: GENERIC | D4: 1 | E4: 8 | F4: 0 | G4: #3b82f6 | H4: NETWORK | J4: =VLOOKUP(C:C,vendors_audit!B:B,1,0) -> Generic
A5: EQ_GENERIC_AC_PANEL | B5: AC Panel | C5: GENERIC | D5: 1 | E5: 8 | F5: 0 | G5: #3b82f6 | H5: NETWORK | J5: =VLOOKUP(C:C,vendors_audit!B:B,1,0) -> Generic
A6: EQ_GENERIC_POWER_DIST__BDFB_ | B6: Power Dist (BDFB) | C6: GENERIC | D6: 1 | E6: 8 | F6: 0 | G6: #3b82f6 | H6: NETWORK | J6: =VLOOKUP(C:C,vendors_audit!B:B,1,0) -> Generic
A7: EQ_GENERIC_FIBER_DIST_PANEL | B7: Fiber Dist Panel | C7: GENERIC | D7: 1 | E7: 8 | F7: 0 | G7: #3b82f6 | H7: NETWORK | J7: =VLOOKUP(C:C,vendors_audit!B:B,1,0) -> Generic
A8: EQ_GENERIC_ISPR_FRAME | B8: ISPR Frame | C8: GENERIC | D8: 1 | E8: 8 | F8: 0 | G8: #3b82f6 | H8: NETWORK | J8: =VLOOKUP(C:C,vendors_audit!B:B,1,0) -> Generic
A9: EQ_GENERIC_OSP_OCP_FRAME | B9: OSP OCP Frame | C9: GENERIC | D9: 1 | E9: 8 | F9: 0 | G9: #3b82f6 | H9: NETWORK | J9: =VLOOKUP(C:C,vendors_audit!B:B,1,0) -> Generic
A10: EQ_GENERIC_UNIDENTIFIED_DEVICE | B10: Unidentified Device | C10: GENERIC | D10: 1 | E10: 8 | F10: 0 | G10: #3b82f6 | H10: NETWORK | J10: =VLOOKUP(C:C,vendors_audit!B:B,1,0) -> Generic
A11: EQ_OSPOCP_001 | B11: 001 | C11: OSPOCP | D11: 6 | E11: 18 | F11: 0 | G11: #3b82f6 | H11: NETWORK | I11: Remove | J11: =VLOOKUP(C:C,vendors_audit!B:B,1,0) -> #N/A
A12: EQ_OSPFDP_001 | B12: 001 | C12: OSPFDP | D12: 7 | E12: 10 | F12: 0 | G12: #3b82f6 | H12: NETWORK | I12: Remove | J12: =VLOOKUP(C:C,vendors_audit!B:B,1,0) -> #N/A
A13: EQ_CIENA_6500 | B13: 6500 | C13: CIENA | D13: 1 | E13: 8 | F13: 0 | G13: #3b82f6 | H13: NETWORK | J13: =VLOOKUP(C:C,vendors_audit!B:B,1,0) -> CIENA
A14: EQ_OSPOSX_001 | B14: 001 | C14: OSPOSX | D14: 1 | E14: 8 | F14: 0 | G14: #3b82f6 | H14: NETWORK | I14: Remove | J14: =VLOOKUP(C:C,vendors_audit!B:B,1,0) -> #N/A
A15: EQ_TBDOSX_001 | B15: 001 | C15: TBDOSX | D15: 7 | E15: 12 | F15: 0 | G15: #3b82f6 | H15: NETWORK | I15: Remove | J15: =VLOOKUP(C:C,vendors_audit!B:B,1,0) -> #N/A
A16: EQ_HUAWEI_OPTIX | B16: OPTIX | C16: HUAWEI | D16: 1 | E16: 12 | F16: 0 | G16: #3b82f6 | H16: NETWORK | J16: =VLOOKUP(C:C,vendors_audit!B:B,1,0) -> HUAWEI
A17: EQ_INFINERA_DTN_X | B17: DTN-X | C17: INFINERA | D17: 13 | E17: 9.3 | F17: 0 | G17: #3b82f6 | H17: NETWORK | J17: =VLOOKUP(C:C,vendors_audit!B:B,1,0) -> INFINERA
A18: EQ_0004_ | C18: 0004 | D18: 4 | E18: 11 | F18: 0 | G18: #3b82f6 | H18: NETWORK | I18: Remove | J18: =VLOOKUP(C:C,vendors_audit!B:B,1,0) -> #N/A
A19: EQ_INFINERA_INFINERA | B19: INFINERA | C19: INFINERA | D19: 2 | E19: 11 | F19: 0 | G19: #3b82f6 | H19: NETWORK | J19: =VLOOKUP(C:C,vendors_audit!B:B,1,0) -> INFINERA
A20: EQ_H101_ | C20: H101 | D20: 84 | E20: 24 | F20: 0 | G20: #3b82f6 | H20: NETWORK | I20: Remove | J20: =VLOOKUP(C:C,vendors_audit!B:B,1,0) -> #N/A
A21: EQ_CISCO_2811 | B21: 2811 | C21: CISCO | D21: 2 | E21: 16.3 | F21: 0 | G21: #3b82f6 | H21: NETWORK | J21: =VLOOKUP(C:C,vendors_audit!B:B,1,0) -> CISCO
A22: EQ_CISCO_1924 | B22: 1924 | C22: CISCO | D22: 2 | E22: 8 | F22: 0 | G22: #3b82f6 | H22: NETWORK | J22: =VLOOKUP(C:C,vendors_audit!B:B,1,0) -> CISCO
A23: EQ_CISCO_2511 | B23: 2511 | C23: CISCO | D23: 2 | E23: 11 | F23: 0 | G23: #3b82f6 | H23: NETWORK | J23: =VLOOKUP(C:C,vendors_audit!B:B,1,0) -> CISCO
A24: EQ_CISCO_7204 | B24: 7204 | C24: CISCO | D24: 5 | E24: 17 | F24: 0 | G24: #3b82f6 | H24: NETWORK | J24: =VLOOKUP(C:C,vendors_audit!B:B,1,0) -> CISCO
A25: EQ_CANOGA_CP9101 | B25: CP9101 | C25: CANOGA | D25: 9 | E25: 15 | F25: 0 | G25: #3b82f6 | H25: NETWORK | J25: =VLOOKUP(C:C,vendors_audit!B:B,1,0) -> CANOGA
A26: EQ_GWYOSX_001 | B26: 001 | C26: GWYOSX | D26: 7 | E26: 18 | F26: 0 | G26: #3b82f6 | H26: NETWORK | I26: Remove | J26: =VLOOKUP(C:C,vendors_audit!B:B,1,0) -> #N/A
A27: EQ_ADVA_FSP_3000R7 | B27: FSP 3000R7 | C27: ADVA | D27: 3 | E27: 10.65 | F27: 0 | G27: #3b82f6 | H27: NETWORK | J27: =VLOOKUP(C:C,vendors_audit!B:B,1,0) -> ADVA
A28: EQ_ISPR45_001 | B28: 001 | C28: ISPR45 | D28: 2 | E28: 2 | F28: 0 | G28: #3b82f6 | H28: NETWORK | I28: Remove | J28: =VLOOKUP(C:C,vendors_audit!B:B,1,0) -> #N/A
A29: EQ_0002_230 | B29: 230 | C29: 0002 | D29: 4 | E29: 11 | F29: 0 | G29: #3b82f6 | H29: NETWORK | I29: Remove | J29: =VLOOKUP(C:C,vendors_audit!B:B,1,0) -> #N/A
A30: EQ_VARIOUS_FAP | B30: FAP | C30: VARIOUS | D30: 1 | E30: 8 | F30: 0 | G30: #3b82f6 | H30: NETWORK | I30: Remove | J30: =VLOOKUP(C:C,vendors_audit!B:B,1,0) -> #N/A
A31: EQ_ABB_BDFB | B31: BDFB | C31: ABB | D31: 1 | E31: 8 | F31: 0 | G31: #3b82f6 | H31: NETWORK | J31: =VLOOKUP(C:C,vendors_audit!B:B,1,0) -> ABB
A32: EQ_EATON_AC_PNL | B32: AC-PNL | C32: EATON | D32: 1 | E32: 8 | F32: 0 | G32: #3b82f6 | H32: NETWORK | J32: =VLOOKUP(C:C,vendors_audit!B:B,1,0) -> EATON
A33: EQ_JUNIPER_EX | B33: EX | C33: JUNIPER | D33: 2 | E33: 16.4 | F33: 0 | G33: #3b82f6 | H33: NETWORK | J33: =VLOOKUP(C:C,vendors_audit!B:B,1,0) -> JUNIPER
A34: EQ_ADVA_FSP_3000RE | B34: FSP 3000RE | C34: ADVA | D34: 2 | E34: 12 | F34: 0 | G34: #3b82f6 | H34: NETWORK | J34: =VLOOKUP(C:C,vendors_audit!B:B,1,0) -> ADVA
A35: EQ_GWYFDP_001 | B35: 001 | C35: GWYFDP | D35: 5 | E35: 10 | F35: 0 | G35: #3b82f6 | H35: NETWORK | I35: Remove | J35: =VLOOKUP(C:C,vendors_audit!B:B,1,0) -> #N/A
A36: EQ_TXCFDP_001 | B36: 001 | C36: TXCFDP | D36: 1 | E36: 8 | F36: 0 | G36: #3b82f6 | H36: NETWORK | I36: Remove | J36: =VLOOKUP(C:C,vendors_audit!B:B,1,0) -> #N/A
A37: EQ_TWRC_ | C37: TWRC | D37: 22 | E37: 10 | F37: 0 | G37: #3b82f6 | H37: NETWORK | I37: Remove | J37: =VLOOKUP(C:C,vendors_audit!B:B,1,0) -> #N/A

Sheet equipment_audit - Remove
A1: id | B1: name | C1: manufacturer | D1: heightU | E1: depth | F1: powerWatts | G1: color | H1: category | I1: Action
A2: EQ_OSPOCP_001 | B2: 001 | C2: OSPOCP | D2: 6 | E2: 18 | F2: 0 | G2: #3b82f6 | H2: NETWORK | I2: Remove
A3: EQ_OSPFDP_001 | B3: 001 | C3: OSPFDP | D3: 7 | E3: 10 | F3: 0 | G3: #3b82f6 | H3: NETWORK | I3: Remove
A4: EQ_OSPOSX_001 | B4: 001 | C4: OSPOSX | D4: 1 | E4: 8 | F4: 0 | G4: #3b82f6 | H4: NETWORK | I4: Remove
A5: EQ_TBDOSX_001 | B5: 001 | C5: TBDOSX | D5: 7 | E5: 12 | F5: 0 | G5: #3b82f6 | H5: NETWORK | I5: Remove
A6: EQ_0004_ | C6: 0004 | D6: 4 | E6: 11 | F6: 0 | G6: #3b82f6 | H6: NETWORK | I6: Remove
A7: EQ_H101_ | C7: H101 | D7: 84 | E7: 24 | F7: 0 | G7: #3b82f6 | H7: NETWORK | I7: Remove
A8: EQ_GWYOSX_001 | B8: 001 | C8: GWYOSX | D8: 7 | E8: 18 | F8: 0 | G8: #3b82f6 | H8: NETWORK | I8: Remove
A9: EQ_ISPR45_001 | B9: 001 | C9: ISPR45 | D9: 2 | E9: 2 | F9: 0 | G9: #3b82f6 | H9: NETWORK | I9: Remove
A10: EQ_0002_230 | B10: 230 | C10: 0002 | D10: 4 | E10: 11 | F10: 0 | G10: #3b82f6 | H10: NETWORK | I10: Remove
A11: EQ_VARIOUS_FAP | B11: FAP | C11: VARIOUS | D11: 1 | E11: 8 | F11: 0 | G11: #3b82f6 | H11: NETWORK | I11: Remove
A12: EQ_GWYFDP_001 | B12: 001 | C12: GWYFDP | D12: 5 | E12: 10 | F12: 0 | G12: #3b82f6 | H12: NETWORK | I12: Remove
A13: EQ_TXCFDP_001 | B13: 001 | C13: TXCFDP | D13: 1 | E13: 8 | F13: 0 | G13: #3b82f6 | H13: NETWORK | I13: Remove
A14: EQ_TWRC_ | C14: TWRC | D14: 22 | E14: 10 | F14: 0 | G14: #3b82f6 | H14: NETWORK | I14: Remove
